Абаза;Хакасия;39047
Абакан;Хакасия;39022
Абан;Красноярский край;39163
Абатский;Тюменская область;34556
Абдулино;Оренбургская область;35355
Абинск;Краснодарский край;86150
Авангардное;Калининградская область;40151
Агаповка;Челябинская область;35140
Агинское;Красноярский край;39142
Агрыз;Татарстан;85551
Адамовка;Оренбургская область;35365
Адлер;Краснодарский край;8622
Адреаполь;Тверская область;48267
Адыгейск;Адыгея;87772
Адыге-Хабль;Карачаево-Черкесия;87870
Азнакаево;Татарстан;85511
Азов;Ростовская область;86342
Азово;Омская область;38141
Айкино;Коми;82134
Акбулак;Коми;82134
Акбулак;Оренбургская область;35335
Аксай;Ростовская область;86350
Аксубаево;Татарстан;84344
Актаныш;Татарстан;85552
Акулово;Калининградская область;40162
Акша;Читинская область;30231
Акъяр;Башкортостан;34758
Алагир;Северная Осетия;86731
Алапаевск;Свердловская область;34346
Алатырь;Чувашия;83531
Алдан;Саха-Якутия;41145
Алеевка;Калининградская область;40158
Алейск;Алтайский край;38553
Александров;Владимирская область;49244
Александров Гай;Саратовская область;84578
Александровка;Калининградская область;40158
Александровка;Оренбургская область;35359
Александровск;Пермская область;34274
Александровское;Ставропольский край;86557
Александровское;Томская область;38255
Александро-Невский;Рязанская область;49158
Алексеевка;Самарская область;84671
Алексеевка;Калининградская область;40164
Алексеевка;Белгородская область;47234
Алексеевское;Татарстан;84341
Алексин;Тульская область;48753
Аликово;Чувашия;83535
Алнаши;Удмуртия;34150
Алтайское;Алтайский край;38537
Алькеево;Татарстан;84346
Альменево;Курганская область;35242
Альметьевск;Татарстан;8553
Амга;Саха-Якутия;41142
Амурск;Хабаровский край;42142
Анадырь;Чукотский автономный округ;42722
Анапа;Краснодарский край;86133
Ангарск;Иркутская область;3951,39518
Анжеро-Судженск;Кемеровская область;38453
Анна;Воронежская область;47346
Антропово;Костромская область;49430
Анучино;Приморский край;42362
Апастово;Татарстан;84376
Апатиты;Мурманская область;81555
Апшеронск;Краснодарский край;86152
Арбаж;Кировская область;83330
Аргаяш;Челябинская область;35132
Аргун;Чечня;87147
Ардатов;Мордовия;83431
Ардатов;Нижегородская область;83179
Ардон;Северная Осетия;86732
Арзамас;Нижегородская область;83147
Арзгир;Ставропольский край;86560
Аркадак;Саратовская область;84542
Армавир;Краснодарский край;86137
Армизонское;Тюменская область;34547
Аромашево;Тюменская область;34545
Арсеньев;Приморский край;42361
Арсеньево;Тульская область;48733
Арск;Татарстан;84366
Артем;Приморский край;42337
Артемовский;Свердловская область;34363
Арти;Свердловская область;34395
Архангельск;Архангельская область;8182
Архангельское;Башкортостан;34774
Архангельское;Тульская область;48744
Архонская;Северная Осетия;86739
Асбест;Свердловская область;34365
Асекеево;Оренбургская область;35351
Асино;Томская область;38241
Аскарово;Башкортостан;34772
Аскиз;Хакасия;39045
Аскино;Башкортостан;34771
Астрахань;Астраханская область;8512
Аткарск;Саратовская область;84552
Атня;Татарстан;84369
Атюрьево;Мордовия;83454
Атяшево;Мордовия;83434
Ахтубинск-1;Астраханская область;85111
Ачайваям;Камчатка;4154451
Ачинск;Красноярский край;39151
Ачинское;Читинская область;30239
Ачит;Свердловская область;34391
Ачхой-Мартан;Чечня;87142
Аша;Челябинская область;35159
Аше;Краснодарский край;8622
Аян;Хабаровский край;42147
Бабаево;Вологодская область;81743
Бабушкино;Калининградская область;40144
Бабынино;Калужская область;48448
Бавлы;Татарстан;85519
Багаевский;Ростовская область;86357
Баган;Новосибирская область;38353
Багратионово;Калининградская область;40142
Багратионовск;Калининградская область;40156
Баево;Алтайский край;38515
Базарный Карабулак;Саратовская область;84591
Базарный Сызган;Ульяновская область;84240
Байкалово;Свердловская область;34362
Байконур;Алтай;33622
Баймак;Башкортостан;34751
Бакалы;Башкортостан;34742
Баксан;Кабардино-Балкария;86634
Бакчар;Томская область;38249
Балабаново;Калужская область;48458
Балаково;Саратовская область;84570
Балахна;Нижегородская область;83144
Балахта;Красноярский край;39148
Балашов;Саратовская область;84545
Балезино;Удмуртия;34166
Балтай;Саратовская область;84592
Балтаси;Татарстан;84368
Балтийск;Калининградская область;40145
Барабинск;Новосибирская область;38361
Баргузин;Бурятия;30131
Барда;Пермская область;34299
Барнаул;Алтайский край;3852
Барыш;Ульяновская область;84253
Батагай-Алыта;Саха-Якутия;41126
Батайск;Ростовская область;86354
Батецкий;Новгородская область;81661
Батырево;Чувашия;83532
Башмаково;Пензенская область;84143
Беднодемьяновск;Пензенская область;84151
Бежаницы;Псковская область;81141
Бежецк;Тверская область;48231
Безенчук;Самарская область;84676
Бекенево;Калининградская область;40157
Беково;Пензенская область;84141
Белая;Курская область;47149
Белая Глина;Краснодарский край;86154
Белая Калитва;Ростовская область;86313
Белая Холуница;Кировская область;83364
Белгород;Белгородская область;4722
Белебей;Башкортостан;34716
Белебей;Читинская область;30232
Белев;Тульская область;48742
Белинский;Пензенская область;84153
Белкино;Калининградская область;40157
Белово;Кемеровская область;38452
Белогорск;Амурская область;41641
Белозерск;Вологодская область;81756
Белозерское;Курганская область;35232
Белокуриха;Алтайский край;38577
Беломорск;Карелия;81437
Белорецк;Башкортостан;34792
Белореченск;Краснодарский край;86155
Белоярский;Свердловская область;34377
Белоярский;Ханты-Мансийский автономный округ;34670
Белый;Тверская область;48250
Белый яр;Калининградская область;40157
Белый Яр;Хакасия;39041
Белый Яр;Томская область;38258
Беляевка;Оренбургская область;35334
Бердигестях;Саха-Якутия;41131
Бердск;Новосибирская область;38341
Бердюжье;Тюменская область;34554
Береговое;Калининградская область;4015668
Березник;Архангельская область;81831
Березники;Пермская область;34242
Березовка;Пермская область;34251
Березовка;Калининградская область;40158
Березовка;Калининградская область;4015668
Березовка;Калининградская область;40159
Березовка;Красноярский край;39175
Березово;Ханты-Мансийский автономный округ;34674
Березовский;Свердловская область;34369
Березовский;Кемеровская область;38445
Беслан;Северная Осетия;86737
Бессоновка;Пензенская область;84140
Бея;Хакасия;39044
Бижбуляк;Башкортостан;34743
Бийск;Алтайский край;3854
Бикин;Хабаровский край;42155
Биробиджан;Еврейская автономная область;42622
Бирск;Башкортостан;34714
Бирюлюсы;Красноярский край;39150
Бичура;Бурятия;30133
Благовещенка;Алтайский край;38564
Благовещенск;Башкортостан;34766
Благовещенск;Амурская область;4162
Благодарный;Ставропольский край;86549
Ближнее;Калининградская область;40158
Бобров;Воронежская область;47350
Богатово;Калининградская область;40158
Богатые Сабы;Татарстан;84362
Богданович;Свердловская область;34376
Боговарово;Костромская область;49451
Богородицк;Тульская область;48761
Богородск;Нижегородская область;83170
Богородское;Кировская область;83333
Богородское;Хабаровский край;42151
Боготол;Красноярский край;39157
Боград;Хакасия;39034
Богучаны;Красноярский край;39162
Богучар;Воронежская область;47366
Боковская;Ростовская область;86312
Бокситогорск;Ленинградская область;81266
Болгар;Татарстан;8247
Бологое;Тверская область;48238
Болотное;Новосибирская область;38349
Болхов;Орловская область;48640
Большаково;Калининградская область;40163
Большая Глушица;Самарская область;84673
Большая Мартыновка;Ростовская область;86395
Большая Мурта;Красноярский край;39118
Большая Поляна;Калининградская область;40159
Большая Соснова;Пермская область;34257
Большая Черниговка;Самарская область;84672
Большеречье;Омская область;38169
Большеустьикинское;Башкортостан;34770
Большие Березняки;Мордовия;83436
Большие Горки;Калининградская область;40159
Большие Уки;Омская область;38162
Большое Болдино;Нижегородская область;83138
Большое Игнатово;Мордовия;83442
Большое Мурашкино;Нижегородская область;83167
Большое Нагаткино;Ульяновская область;84245
Большое село;Калининградская область;40162
Большое Село;Ярославская область;48542
Большое Солдатское;Курская область;47136
Большое Сорокино;Тюменская область;34550
Большой Камень;Приморский край;42335
Большой Улуй;Красноярский край;39159
Большой Царын;Калмыкия;84747
Бондари;Тамбовская область;47534
Бор;Нижегородская область;83159
Борзя;Читинская область;30233
Борисовка;Белгородская область;47246
Борисоглебск;Воронежская область;47354
Борисоглебский;Ярославская область;48539
Боровичи;Новгородская область;81664
Боровск;Калужская область;48438
Борогонцы;Саха-Якутия;41131
Бородино;Красноярский край;39168
Борское;Самарская область;84667
Борское;Калининградская область;40159
Братск;Иркутская область;3953
Бреды;Челябинская область;35141
Брейтово;Ярославская область;48545
Брюховецкая;Краснодарский край;86156
Брянск;Брянская область;48322
Брянское;Калининградская область;40143
Бугульма;Татарстан;85514
Бугуруслан;Оренбургская область;35352
Буденновск;Ставропольский край;86559
Буздяк;Башкортостан;34773
Бузулук;Оренбургская область;35342
Буинск;Татарстан;84374
Буй;Костромская область;49435
Бураево;Башкортостан;34756
Бурла;Алтайский край;38572
Бутурлино;Нижегородская область;83172
Бутурлиновка;Воронежская область;47361
Быстрый Исток;Алтайский край;38571
Бычково;Калининградская область;40157
Вавож;Удмуртия;34155
Вагай;Тюменская область;34519
Вад;Нижегородская область;83141
Вадинск;Пензенская область;84142
Валдай;Новгородская область;81666
Валуйки;Белгородская область;47236
Ванино;Хабаровский край;42137
Варгаши;Курганская область;35233
Вардане;Краснодарский край;8622
Варна;Челябинская область;35142
Варнавино;Нижегородская область;83158
Васильево;Татарстан;84371
Васильково;Калининградская область;40151
Вача;Нижегородская область;83173
Ведено;Чечня;87131
Вейделевка;Белгородская область;47237
Велиж;Смоленская область;48132
Великие Луки;Псковская область;81153
Великий Новгород;Новгородская область;81622
Великий Устюг;Вологодская область;81738
Великолукское;Калининградская область;40159
Вельск;Архангельская область;81836
Венгерово;Новосибирская область;38369
Венев;Тульская область;48745
Верещагино;Пермская область;34254
Верний бисер;Калининградская область;40163
Верхневилюйск;Саха-Якутия;41133
Верхнеуральск;Челябинская область;35143
Верхнеяркеево;Башкортостан;34762
Верхние Киги;Башкортостан;34748
Верхний Ландех;Ивановская область;49349
Верхний Мамон;Воронежская область;47355
Верхний Услон;Татарстан;84379
Верхний Уфалей;Челябинская область;35164
Верхняя Пышма;Свердловская область;34368
Верхняя Салда;Свердловская область;34345
Верхняя Тойма;Архангельская область;81854
Верхняя Хава;Воронежская область;47343
Верховажье;Вологодская область;81759
Верховье;Орловская область;48676
Верхотурье;Свердловская область;34319
Верхошижемье;Кировская область;83335
Верх-Усугли;Читинская область;30264
Верх-Чебула;Кемеровская область;38444
Веселый;Ростовская область;86358
Весново;Калининградская область;40164
Ветлуга;Нижегородская область;83150
Вешенская;Ростовская область;86311
Вешкайма;Ульяновская область;84243
Взморье;Калининградская область;40152
Визинга;Коми;82131
Викулово;Тюменская область;34557
Вилюйск;Саха-Якутия;41132
Вилючинск;Камчатка;41535
Вилючинск-3;Камчатка;41538
Вичуга;Ивановская область;49354
Вишневка;Калининградская область;40163
Вишневое;Калининградская область;40157
Вишневское;Калининградская область;40150
Вишневый;Калининградская область;40159
Владивосток;Приморский край;4232
Владикавказ;Северная Осетия;8672
Владимир;Владимирская область;4922
Владимиро-Александровское;Приморский край;42365
Владимирово;Калининградская область;4015669
Вожега;Вологодская область;81744
Вознесенское;Нижегородская область;83178
Волгоград;Волгоградская область;844
Волгодонск;Ростовская область;86392
Волгореченск;Костромская область;49453
Волжск;Марий Эл;83631
Волово;Липецкая область;47473
Волово;Тульская область;48768
Вологда;Вологодская область;8172
Володаровка;Калининградская область;40141
Володарский;Астраханская область;85112
Волоколамск;Московская область;49636
Волоконовка;Белгородская область;47235
Волосово;Ленинградская область;81273
Волот;Новгородская область;81662
Волочаевское;Калининградская область;40152
Волхов;Ленинградская область;81263
Волчиха;Алтайский край;38565
Вольное;Калининградская область;40157
Вольно-Надеждинское;Приморский край;42334
Вольск;Саратовская область;84593
Воркута;Коми;82151
Воробьевка;Воронежская область;47356
Воробьево;Калининградская область;40159
Воронеж;Воронежская область;4732
Воротынец;Нижегородская область;83164
Воскресенск;Московская область;49644
Воскресенское;Саратовская область;84568
Воскресенское;Нижегородская область;83163
Восод;Калининградская область;40151
Воткинск;Удмуртия;34145
Вохма;Костромская область;49450
Всеволожск;Ленинградская область;81270
Вуктыл;Коми;82146
Вурнары;Чувашия;83537
Выборг;Ленинградская область;81278
Выгоничи;Брянская область;48341
Выкса;Нижегородская область;83177
Выльгорт;Коми;82130
Выльногорск;Коми;82130
Выселки;Краснодарский край;86157
Высокая Гора;Татарстан;84365
Высокое;Калининградская область;40151
Высокое;Калининградская область;40163
Вытегра;Вологодская область;81746
Вышний Волочек;Тверская область;48233
Вяземский;Хабаровский край;42153
Вязяма;Смоленская область;48131
Вятские Поляны;Кировская область;83334
Гаврилов Посад;Ивановская область;49355
Гавриловка-2;Тамбовская область;47551
Гаврилово;Калининградская область;40142
Гаврилов-ям;Ярославская область;48534
Гагарин;Смоленская область;48135
Гагино;Нижегородская область;83195
Гай;Оренбургская область;35362
Галич;Костромская область;49437
Гальбштадт;Алтайский край;38539
Гастеллово;Калининградская область;40163
Гатчина;Ленинградская область;81271
Гвардейск;Калининградская область;40159
Гвардейское;Калининградская область;4015669
Гдов;Псковская область;81131
Геленджик;Краснодарский край;86141
Георгиевск;Ставропольский край;86551
Георгиевское;Калининградская область;40151
Георгиевское;Костромская область;49447
Гиагинская;Адыгея;87779
Глазов;Удмуртия;34141
Глазуновка;Орловская область;48675
Глинка;Смоленская область;48165
Глушково;Калининградская область;40141
Глушково;Курская область;47132
Глядянское;Курганская область;35239
Голицыно;Московская область;49633
Головкино;Калининградская область;40158
Голышманово;Тюменская область;34546
Гончарово;Калининградская область;40157
Гордеевка;Брянская область;48340
Гордое;Калининградская область;40159
Горно-Алтайск;Алтай;38822
Горнозаводск;Пермская область;34269
Горный;Саратовская область;84577
Горняк;Алтайский край;38516
Городец;Нижегородская область;83161
Городище;Пензенская область;84158
Городовиковск;Калмыкия;84731
Гороховец;Владимирская область;49238
Горшечное;Курская область;47133
Горьковское;Омская область;38157
Горячий Ключ;Краснодарский край;86159
Грайворон;Белгородская область;47261
Грахово;Удмуртия;34163
Грачевка;Калининградская область;40150
Грачевка;Оренбургская область;35344
Грачевка;Ставропольский край;86540
Гремячинск;Пермская область;34250
Грибановский;Воронежская область;47348
Грибки;Калининградская область;40159
Грозный;Чечня;8712
Громово;Калининградская область;40163
Грязи;Липецкая область;47461
Грязовец;Вологодская область;81755
Губаха;Пермская область;34248
Губкин;Белгородская область;47241
Губкинский;Тюменская область;34536
Гудермес;Чечня;87137
Гуково;Ростовская область;86361
Гулькевичи;Краснодарский край;86160
Гурьевск;Калининградская область;40151
Гурьевск;Кемеровская область;38463
Гусев;Калининградская область;40143
Гусево;Калининградская область;40157
Гусиноозерск;Бурятия;30145
Гусь Хрустальный;Владимирская область;49241
Давлеканово;Башкортостан;34768
Далматово;Курганская область;35252
Дальнегорск;Приморский край;42373
Дальнее;Калининградская область;40158
Дальнее;Калининградская область;40159
Дальнее;Калининградская область;40157
Дальнее Константиново;Нижегородская область;83168
Дальнереченск;Приморский край;42356
Данилов;Ярославская область;48538
Данков;Липецкая область;47465
Даровский;Кировская область;83336
Дворкино;Калининградская область;40157
Дебесы;Удмуртия;34151
Дедовичи;Псковская область;81136
Демидов;Смоленская область;48147
Демидово;Калининградская область;40159
Демянск;Новгородская область;81651
Дербент;Дагестан;87240
Дергачи;Саратовская область;84563
Десногорск;Смоленская область;48153
Дзержинск;Красноярский край;39167
Дзержинск;Нижегородская область;8313
Дивеево;Нижегородская область;83143
Дивногорск;Красноярский край;39144
Дивное;Калининградская область;40152
Дивное;Калининградская область;40159
Дивное;Ставропольский край;86555
Дигора;Северная Осетия;86733
Димитровград;Ульяновская область;84235
Динская;Краснодарский край;86162
Дмитриевка;Тамбовская область;47536
Дмитриев-Льговский;Курская область;47150
Дмитров;Московская область;49622
Дмитровск-Орловский;Орловская область;48649
Дно;Псковская область;81135
Добринка;Липецкая область;47462
Доброволец;Калининградская область;40158
Добровольск;Калининградская область;40164
Доброе;Липецкая область;47463
Добрянка;Пермская область;34265
Доваторовка;Калининградская область;40141
Довольное;Новосибирская область;38354
Долгодеревенское;Челябинская область;35144
Долгоруково;Калининградская область;4015664
Долгоруково;Липецкая область;47468
Домбаровский;Оренбургская область;35367
Домново;Калининградская область;40157
Домодедово;Московская область;49679
Донецк;Ростовская область;86368
Донской;Тульская область;48746
Дорогобуж;Смоленская область;48144
Дорожное;Калининградская область;40151
Дрожжаное;Татарстан;84375
Дружба;Калининградская область;40157
Дубенки;Мордовия;83447
Дубна;Московская область;49621
Дубна;Тульская область;48732
Дубовское;Ростовская область;86377
Дубровка;Калининградская область;40156
Дубровка;Брянская область;48332
Дудинка;Красноярский край;39111
Дульдурга;Читинская область;30256
Думиничи;Калужская область;48447
Дунаевка;Калининградская область;40159
Духовницкое;Саратовская область;84573
Духовщина;Смоленская область;48166
Дюртюли;Башкортостан;34717
Дятьково;Брянская область;48333
Егорлыкская;Ростовская область;86370
Егорьевск;Московская область;49640
Ейск;Краснодарский край;86132
Екатеринбург;Свердловская область;343
Екатериновка;Саратовская область;84554
Елабуга;Татарстан;85557
Елец;Липецкая область;47467
Елизово;Камчатка;41531
Елово;Пермская область;34296
Еловое;Калининградская область;40143
Ельники;Калининградская область;40151
Ельники;Мордовия;83444
Ельня;Смоленская область;48146
Ельняки;Калининградская область;40159
Ельцовка;Алтайский край;38593
Еманжелинск;Челябинская область;35138
Емва;Коми;82139
Емельяново;Красноярский край;39133
Енисейск;Красноярский край;39115
Енотаевка;Астраханская область;85113
Ермаково;Калининградская область;40157
Ермаковское;Красноярский край;39138
Ермекеево;Башкортостан;34741
Ермишь;Рязанская область;49144
Ермолаево;Башкортостан;34757
Ершичи;Смоленская область;48155
Ершов;Саратовская область;84564
Ершово;Калининградская область;40159
Ессентуки;Ставропольский край;87934
Еткуль;Челябинская область;35145
Ефремов;Тульская область;48741
Жаворонково;Калининградская область;40143
Железноводск;Ставропольский край;87961
Железногорск;Красноярский край;39197
Железногорск;Курская область;47148
Железногорск-Илимский;Иркутская область;39566
Железнодорожный;Калининградская область;40157
Желудево;Калининградская область;40157
Жердевка;Тамбовская область;47535
Жигулевск;Самарская область;84662
Жиздра;Калужская область;48445
Жилино;Калининградская область;40162
Жиратино;Брянская область;48344
Жуковка;Брянская область;48334
Жуково;Калужская область;48432
Жуковский;Московская область;49648
Журавлевка;Калининградская область;40158
Забайкальск;Читинская область;30251
Забарье;Калининградская область;40159
Заветное;Ростовская область;86378
Завитинск;Амурская область;41636
Заводоуковск;Тюменская область;34542
Заволжье;Нижегородская область;83169
Завьялово;Удмуртия;34123
Завьялово;Алтайский край;38562
Загородный;Калининградская область;40158
Загорское;Калининградская область;40141
Задонск;Липецкая область;47471
Заинск;Татарстан;85558
Зайцево;Калининградская область;40157
Закаменск;Бурятия;301370
Залари;Иркутская область;39512
Залегощь;Орловская область;48648
Залесово;Алтайский край;38592
Залесье;Калининградская область;40158
Заливино;Калининградская область;40158
Заливное;Калининградская область;40151
Залукокоаже;Кабардино-Балкария;86637
Заовражное;Калининградская область;40141
Заозерный;Красноярский край;39165
Заозерск;Мурманская область;81556
Заозерье;Калининградская область;40151
Заокский;Тульская область;48734
Заостровье;Калининградская область;40150
Западная Двина;Тверская область;48265
Западный;Калининградская область;4015669
Заповедное;Калининградская область;40163
Заполярный;Мурманская область;81554
Зарайск;Московская область;49666
Заречное;Калининградская область;40164
Заречный;Свердловская область;34377
Заречье;Калининградская область;40151
Заречье;Калининградская область;40159
Заринск;Алтайский край;38595
Звездный;Пермская область;34263
Звенигово;Марий Эл;83645
Звенигород;Московская область;49632
Звеньевое;Калининградская область;40159
Зверево;Калининградская область;40157
Звериноголовское;Курганская область;35240
Здвинск;Новосибирская область;38363
Зеленогорск;Красноярский край;39169
Зеленоградск;Калининградская область;40150
Зеленодольск;Татарстан;84371
Зеленое;Калининградская область;40158
Зеленокумск;Ставропольский край;86552
Зеленчукская;Карачаево-Черкесия;87878
Земетчино;Пензенская область;84155
Зерноград;Ростовская область;86359
Зея;Амурская область;41658
Зилаир;Башкортостан;34752
Зима;Иркутская область;39514
Зимовники;Ростовская область;86376
Златоуст;Челябинская область;35136
Злынка;Брянская область;48358
Змеиногорск;Алтайский край;38517
Змиевка;Орловская область;48645
Знаменка;Калининградская область;40157
Знаменка;Тамбовская область;47552
Знаменск;Калининградская область;40159
Знаменск;Астраханская область;85110
Знаменское;Чечня;87132
Знаменское;Омская область;38179
Знаменское;Орловская область;48662
Золотухино;Курская область;47151
Зональное;Алтайский край;38530
Зорино;Калининградская область;40159
Зубова Поляна;Мордовия;83458
Зубцов;Тверская область;48262
Зуевка;Кировская область;83337
Зырянское;Томская область;3824322
Ибреси;Чувашия;83538
Ивановка;Амурская область;41649
Иваново;Ивановская область;4932
Ивантеевка;Саратовская область;84579
Ивдель;Свердловская область;34316
Ивня;Белгородская область;47243
Иволгинск;Бурятия;30140
Иглино;Башкортостан;34795
Игра;Удмуртия;34134
Идринское;Красноярский край;39135
Ижевск;Удмуртия;3412
Ижма;Коми;82140
Ижморский;Кемеровская область;38459
Извилино;Калининградская область;40157
Измалково;Липецкая область;47478
Изобильное;Калининградская область;40158
Изобильный;Ставропольский край;86545
Ики-Бурул;Калмыкия;84732
Икряное;Астраханская область;85114
Иланский;Красноярский край;39173
Илек;Оренбургская область;35337
Ильинский;Пермская область;34276
Ильинское-Хованское;Ивановская область;49353
Ильинско-Подомское;Архангельская область;81843
Ильичевка;Калининградская область;40158
Ильичевка;Калининградская область;40151
Илюшино;Калининградская область;40144
Инжавино;Тамбовская область;47553
Инза;Ульяновская область;84241
Инсар;Мордовия;83449
Инта;Коми;82145
Ипатово;Ставропольский край;86542
Ирбейское;Красноярский край;39174
Ирбит;Свердловская область;34355
Иркутск;Иркутская область;3952
Исаклы;Самарская область;84654
Исаково;Калининградская область;40151
Исетское;Тюменская область;34537
Исилькуль;Омская область;38173
Искитим;Новосибирская область;38343
Исса;Пензенская область;84144
Истра;Московская область;49631
Истровка;Калининградская область;40159
Исянгулово;Башкортостан;34715
Ишеевка;Ульяновская область;84254
Ишим;Тюменская область;34551
Ишимбай;Башкортостан;34794
Йошкар-ола;Марий Эл;8362
Кавалерово;Приморский край;42375
Кавказская;Краснодарский край;86193
Кагальницкая;Ростовская область;86345
Кадом;Рязанская область;49139
Кадошкино;Мордовия;83448
Кадуй;Вологодская область;81742
Кадый;Костромская область;49442
Казанское;Тюменская область;34553
Казань;Татарстан;8432
Казачинское;Иркутская область;39562
Казачинское;Красноярский край;39116
Кайбицы;Татарстан;84370
Калач;Воронежская область;47363
Калачинск;Омская область;38155
Калга;Читинская область;30249
Калевала;Карелия;81454
Калининград;Калининградская область;4012
Калинино;Калининградская область;40144
Калининск;Саратовская область;84549
Калининская;Краснодарский край;86163
Калининское;Калининградская область;40143
Калинково;Калининградская область;40159
Калиновка;Калининградская область;40141
Калманка;Алтайский край;35851
Калтасы;Башкортостан;34779
Калуга;Калужская область;4842,08422
Калужское;Калининградская область;40141
Калязин;Тверская область;48249
Камбарка;Удмуртия;34153
Каменка;Калининградская область;40157
Каменка;Воронежская область;47357
Каменка;Пензенская область;84156
Каменоломни;Ростовская область;86360
Каменск- Шахтинский;Ростовская область;86365
Каменское;Калининградская область;40141
Каменское;Камчатка;41546
Каменск-Уральский;Свердловская область;3439
Камень-на-Оби;Алтайский край;38514
Камень-Рыболов;Приморский край;42349
Камешково;Владимирская область;49248
Камское Устье;Татарстан;84377
Камызяк;Астраханская область;85115
Камышлов;Свердловская область;34375
Канаш;Калининградская область;40162
Канаш;Чувашия;83533
Кандалакша;Мурманская область;81533
Каневская;Краснодарский край;86164
Канск;Красноярский край;39161
Кантемировка;Воронежская область;47367
Кара;Читинская область;30235
Карабаш;Челябинская область;35153
Караблино;Рязанская область;49143
Карагай;Пермская область;34297
Караидель;Башкортостан;34744
Каракулино;Удмуртия;34132
Карамышево;Калининградская область;40142
Карасук;Новосибирская область;38355
Каратузское;Красноярский край;39137
Карачев;Брянская область;48335
Каргаполье;Курганская область;35256
Каргасок;Томская область;38253
Каргат;Новосибирская область;38365
Каргополь;Архангельская область;81841
Кардымово;Смоленская область;48167
Кармаскалы;Башкортостан;34765
Карпинск;Свердловская область;34313
Карпогоры;Архангельская область;81856
Карсун;Ульяновская область;84246
Карталы;Челябинская область;35133
Карымская;Читинская область;30234
Касимов;Рязанская область;49131
Касли;Челябинская область;35149
Каспийский;Калмыкия;84733
Касторное;Курская область;47157
Касумкент;Дагестан;87236
Катав-Ивановск;Челябинская область;35147
Катайск;Курганская область;35251
Качканар;Свердловская область;34341
Кашары;Ростовская область;86318
Кашин;Тверская область;48234
Каширское;Воронежская область;47342
Каштановка;Калининградская область;40159
Каштаново;Калининградская область;40158
Каштаново;Калининградская область;40157
Кваркено;Оренбургская область;35364
Кедровый;Красноярский край;39195
Кез;Удмуртия;34158
Кемерово;Кемеровская область;3842
Кемля;Мордовия;83433
Кемь;Карелия;81458
Кетово;Курганская область;35231
Кетченеры;Калмыкия;84735
Кижинга;Бурятия;30141
Кизел;Пермская область;34255
Кизильское;Челябинская область;35155
Кизляр;Дагестан;87239
Кизнер;Удмуртия;34154
Кикнур;Кировская область;83341
Килемары;Марий Эл;83643
Кильмезь;Кировская область;83338
Кимовск;Тульская область;48735
Кимры;Тверская область;48236
Кингесепп;Ленинградская область;81275
Кинель;Самарская область;84663
Кинель-Черкасы;Самарская область;84660
Кинешма;Ивановская область;49331
Киргиз-Мияки;Башкортостан;34718
Киреевск;Тульская область;48754
Киренск;Иркутская область;39568
Киржач;Владимирская область;49237
Кириллов;Вологодская область;81757
Кириши;Ленинградская область;81268
Киров;Кировская область;8332
Киров;Калужская область;48456
Кирова;Калининградская область;40151
Кировград;Свердловская область;34357
Кирово-Чепецк;Кировская область;83361
Кировск;Ленинградская область;81262
Кировск;Мурманская область;81531
Кировский;Приморский край;42354
Кирс;Кировская область;83339
Кирсанов;Тамбовская область;47537
Киселевск;Кемеровская область;38464
Кисловодск;Ставропольский край;87937
Кичменгский Городок;Вологодская область;81740
Киясово;Удмуртия;34133
Кленовое;Калининградская область;40157
Клетня;Брянская область;48338
Климовка;Калининградская область;40157
Климово;Брянская область;48347
Клин;Московская область;49624
Клинцы;Брянская область;48336
Ключи;Камчатка;41541
Ключи;Алтайский край;38578
Клявлино;Самарская область;84653
Княгинино;Нижегородская область;83166
Ковдор;Мурманская область;81535
Ковернино;Нижегородская область;83157
Ковров;Владимирская область;49232
Коврово;Калининградская область;40150
Ковылкино;Мордовия;83453
Когалым;Ханты-Мансийский автономный округ;34667
Кодинск;Красноярский край;39143
Кожевниково;Томская область;38244
Козельск;Калужская область;48442
Козловка;Чувашия;83534
Козулька;Красноярский край;39154
Козьмодемьянск;Марий Эл;83632
Койгородок;Коми;82132
Кола;Мурманская область;81553
Кологрив;Костромская область;49443
Коломна;Московская область;4966,09661
Колосовка;Калининградская область;40150
Колосовка;Омская область;38160
Колпашево;Томская область;38254
Колпна;Орловская область;48674
Колывань;Новосибирская область;38352
Колышлей;Пензенская область;84146
Кольчугино;Владимирская область;49245
Комаричи;Брянская область;48355
Комсомольск;Калининградская область;40159
Комсомольск;Ивановская область;49352
Комсомольский;Калмыкия;84743
Комсомольск-на-Амуре;Хабаровский край;42172
Комсомольское;Чувашия;83539
Конаково;Тверская область;48242
Кондинское;Ханты-Мансийский автономный округ;34677
Кондоль;Пензенская область;84147
Кондопога;Карелия;81451
Кондрово;Калужская область;48434
Коноша;Архангельская область;81858
Константиновка;Калининградская область;40151
Константиновка;Амурская область;41639
Константиновск;Ростовская область;86393
Конышевка;Курская область;47156
Копейск;Челябинская область;35139
Копьево;Хакасия;39036
Коренево;Курская область;47147
Кореновск;Краснодарский край;86142
Коркино;Челябинская область;35152
Кормиловка;Омская область;38170
Корнево;Калининградская область;4015664
Короленково;Калининградская область;40157
Короча;Белгородская область;47231
Корткерос;Коми;82136
Корф;Камчатка;4154459
Коряжма;Архангельская область;81850
Косиха;Алтайский край;38531
Костомукша;Карелия;81459
Кострово;Калининградская область;40152
Кострома;Костромская область;4942
Костромино;Калининградская область;40157
Костюковка;Калининградская область;40157
Котельнич;Кировская область;83342
Котлас;Архангельская область;81837
Котовск;Тамбовская область;47541
Коченево;Новосибирская область;38351
Кочки;Новосибирская область;38356
Кочкурово;Мордовия;83439
Кош-Агач;Алтайский край;38542
Кошехабль;Адыгея;87770
Кошки;Самарская область;84650
Кошхатау;Кабардино-Балкария;86636
Крапивинский;Кемеровская область;38446
Красная Горбатка;Владимирская область;49236
Красная Горка;Башкортостан;34776
Красная Горка;Брянская область;48346
Красноармейск;Саратовская область;84550
Красноармейская;Краснодарский край;86165
Красноармейское;Самарская область;84675
Красноармейское;Чувашия;83530
Красноборск;Архангельская область;81840
Красновишерск;Пермская область;34243
Красногвардейск;Адыгея;87778
Красногвардейское;Ставропольский край;86541
Красногвардейское;Белгородская область;47247
Красногородское;Псковская область;81137
Красногорское;Удмуртия;34164
Красногорское;Калининградская область;40143
Красногорское;Алтайский край;38535
Краснодар;Краснодарский край;8612
Красное;Калининградская область;40157
Красное;Белгородская область;47262
Красное;Липецкая область;47469
Красное-на-Волге;Костромская область;49432
Краснозерское;Новосибирская область;38357
Краснознаменск;Калининградская область;40164
Красной Чикой;Читинская область;30230
Краснокаменск;Читинская область;30245
Краснокамск;Пермская область;34273
Краснолесье;Калининградская область;40144
Красноолмский;Калининградская область;40158
Краснополье;Калининградская область;40157
Краснополянское;Калининградская область;40141
Краснослободск;Мордовия;83443
Красноторовка;Калининградская область;40150
Краснотуранск;Красноярский край;39134
Краснотурьинск;Свердловская область;34314
Красноуральск;Свердловская область;34343
Красноусольский;Башкортостан;34740
Красноуфимск;Свердловская область;34394
Краснофлотское;Калининградская область;40150
Краснощеково;Алтайский край;38575
Красноярск;Красноярский край;3912
Красноярское;Калининградская область;40142
Красные Баки;Нижегородская область;83156
Красные Четаи;Чувашия;83557
Красный;Смоленская область;48145
Красный бор;Калининградская область;40158
Красный Бор;Калининградская область;40159
Красный Кут;Саратовская область;84560
Красный Сулин;Ростовская область;86346
Красный Холм;Тверская область;48237
Красный Яр;Самарская область;84657
Красный Яр;Калининградская область;40159
Красный Яр;Астраханская область;85116
Крестцы;Новгородская область;81659
Кривошеино;Томская область;38251
Кромы;Калининградская область;40143
Кромы;Орловская область;48643
Кропоткин;Краснодарский край;86138
Кругловка;Калининградская область;40159
Крутинка;Омская область;38167
Крутиха;Алтайский край;38519
Крылово;Калининградская область;40157
Крыловская;Краснодарский край;86161
Крымск;Краснодарский край;86131
Кстово;Нижегородская область;83145
Кубановка;Калининградская область;40143
Кувандык;Оренбургская область;35361
Кувшиново;Тверская область;48257
Кугеси;Чувашия;83540
Кудепста;Краснодарский край;8622
Кудымкар;Пермская область;34260
Куеда;Пермская область;34262
Куженер;Марий Эл;83637
Кузнецк;Пензенская область;84157
Кузоватово;Ульяновская область;84237
Куйбышев;Новосибирская область;38362
Куйбышево;Ростовская область;86348
Куйбышевское;Калининградская область;40159
Кукмор;Татарстан;84364
Кулебаки;Нижегородская область;83176
Кулунда;Алтайский край;38566
Кумачово;Калининградская область;40150
Кумены;Кировская область;83343
Кумертау;Башкортостан;34761
Кунашак;Челябинская область;35148
Кунгур;Пермская область;34271
Кунья;Псковская область;81149
Купино;Новосибирская область;38358
Курагино;Красноярский край;39136
Курах;Дагестан;87262
Курган;Курганская область;35222,3522
Курганинск;Краснодарский край;86147
Куркино;Тульская область;48743
Курманаевка;Оренбургская область;35341
Курортное;Калининградская область;40157
Курсавка;Ставропольский край;86556
Курск;Курская область;4712,07122
Куртамыш;Курганская область;35249
Курумкан;Бурятия;30149
Курчатов;Курская область;47131
Курья;Алтайский край;38576
Куса;Челябинская область;35154
Кушва;Свердловская область;34344
Кушнаренково;Башкортостан;34710
Кущевская;Краснодарский край;86168
Кшенский;Курская область;47158
Кызыл;Тыва;39422
Кытманово;Алтайский край;38590
Кыштовка;Новосибирская область;38371
Кыштым;Челябинская область;35151
Кяхта;Бурятия;30142
Лабинск;Краснодарский край;86169
Ладушкин;Калининградская область;4015666
Лазо;Приморский край;42377
Лаишево;Татарстан;84378
Лангепас;Ханты-Мансийский автономный округ;34669
Лахденпохья;Карелия;81450
Лебедянь;Липецкая область;47466
Лебяжье;Кировская область;83344
Лебяжье;Курганская область;35237
Лев Толстой;Липецкая область;47464
Левобережное;Калининградская область;40163
Левокумское;Ставропольский край;86543
Лежнево;Ивановская область;49357
Ленинградская;Краснодарский край;86145
Лениногорск;Татарстан;85515
Ленинский;Тульская область;48767
Ленинск-Кузнецкий;Кемеровская область;38456
Ленинское;Кировская область;83345
Ленск;Саха-Якутия;41137
Лермонтов;Ставропольский край;87935
Лермонтово;Калининградская область;40143
Лесное;Калининградская область;40150
Лесное;Калининградская область;40162
Лесное;Калининградская область;40157
Лесное;Тверская область;48271
Лесозаводск;Приморский край;42355
Лесосибирск;Красноярский край;39145
Летняя Ставка;Ставропольский край;86565
Лешуконское;Архангельская область;81833
Ливны;Орловская область;48677
Лиман;Астраханская область;85117
Линево;Калининградская область;40157
Липецк;Липецкая область;4742
Липин Бор;Вологодская область;81758
Липняки;Калининградская область;40157
Липовка;Калининградская область;40141
Липово;Калининградская область;40143
Лиски;Воронежская область;47391
Лихославль;Тверская область;48261
Ловозеро;Мурманская область;81538
Лодейное Поле;Ленинградская область;81264
Локня;Псковская область;81139
Локоть;Брянская область;48354
Ломово;Калининградская область;40143
Ломоносов;Ленинградская область;81276
Ломоносовка;Калининградская область;40158
Лоо;Краснодарский край;8622
Лопатино;Пензенская область;84148
Лотошино;Московская область;49628
Лоухи;Карелия;81439
Луга;Ленинградская область;81272
Луговое;Калининградская область;40157
Луговое;Калининградская область;40151
Луговое;Калининградская область;40144
Луговское;Калининградская область;40150
Лужки;Калининградская область;40142
Луза;Кировская область;83346
Лукоянов;Нижегородская область;83196
Лунино;Калининградская область;40162
Лунино;Калининградская область;40159
Лунино;Пензенская область;84161
Луховицы;Московская область;49663
Лучегорск;Приморский край;42357
Лысково;Нижегородская область;83149
Лысые Горы;Саратовская область;84551
Лысьва;Пермская область;34249
Львовское;Калининградская область;40142
Льгов;Курская область;47140
Любим;Ярославская область;48543
Любинский;Омская область;38175
Любытино;Новгородская область;81668
Людиново;Калужская область;48444
Лямбирь;Мордовия;83441
Лянтор;Ханты-Мансийский автономный округ;34618
Магадан;Магаданская область;41322
Магнитогорск;Челябинская область;3511
Маевка;Калининградская область;40141
Майкоп;Адыгея;87722
Майма;Алтай;38844
Майна;Ульяновская область;84244
Майский;Кабардино-Балкария;86633
Майское;Калининградская область;40158
Майское;Калининградская область;40143
Майя;Саха-Якутия;41143
Макаров;Сахалин;42443
Макарьев;Костромская область;49445
Максатиха;Тверская область;48253
Макушино;Курганская область;35236
Малая Вишера;Новгородская область;81660
Малая Пурга;Удмуртия;34138
Малая Сердоба;Пензенская область;84162
Малгобек;Чечня;87133
Малиники;Калининградская область;40151
Малиновка;Калининградская область;40159
Малиновка;Калининградская область;40157
Малмыж;Кировская область;83347
Малоархангельское;Орловская область;48679
Маломожайское;Калининградская область;40162
Малояз;Башкортостан;34777
Малоярославец;Калужская область;48431
Малые Горки;Калининградская область;40159
Мальцево;Калининградская область;40142
Мамадыш;Татарстан;85563
Мамоново;Калининградская область;4015660
Мамонтово;Алтайский край;38513
Мантурово;Костромская область;49446
Мантурово;Курская область;47155
Марево;Новгородская область;81663
Мариинск;Кемеровская область;38443
Мариинский Посад;Чувашия;83542
Маркс;Саратовская область;84567
Мартыновка;Ростовская область;86395
Маршальское;Калининградская область;40151
Марьино;Калининградская область;40151
Марьяновка;Омская область;38168
Маслянино;Новосибирская область;38347
Матвеев Курган;Ростовская область;86341
Матвеевка;Оренбургская область;35356
Матросово;Калининградская область;40158
Махачкала;Дагестан;8722
Маяковское;Калининградская область;40143
Мглин;Брянская область;48339
Мегион;Ханты-Мансийский автономный округ;34663
Медвежьегорск;Карелия;81434
Медвенка;Курская область;47146
Медногорск;Оренбургская область;35379
Медовое;Калининградская область;4015669
Медынь;Калужская область;48433
Междуреченск;Кемеровская область;38475
Междуреченский;Тюменская область;34517
Междуреченский;Ханты-Мансийский автономный округ;34677
Междуречье;Калининградская область;40141
Мезень;Архангельская область;81848
Меленки;Владимирская область;49247
Мелеуз;Башкортостан;34764
Мельниково;Калининградская область;40150
Мельниково;Томская область;38247
Менделеево;Калининградская область;40151
Менделеевск;Татарстан;85549
Мензелинск;Татарстан;85555
Месягутово;Башкортостан;34798
Мещовск;Калужская область;48446
Миайлово;Калининградская область;40143
Миасс;Челябинская область;35135
Миасское;Челябинская область;35150
Миллерово;Ростовская область;86315
Милославское;Рязанская область;49157
Мильково;Камчатка;41533
Милютинская;Ростовская область;86319
Минеральные Воды;Ставропольский край;87922
Минусинск;Красноярский край;39132
Миньяр;Челябинская область;35131
Мирный;Архангельская область;81834
Мирный;Саха-Якутия;41136
Михайлов;Рязанская область;49130
Михайловка;Приморский край;42346
Михайловка;Алтайский край;38570
Мичуринск;Тамбовская область;47545
Мичуринский;Калининградская область;40143
Мишкино;Башкортостан;34749
Мишкино;Курганская область;35247
Могайтуй;Читинская область;30255
Можайск;Московская область;49638
Можга;Удмуртия;34139
Моздок;Северная Осетия;86736
Мозырь;Калининградская область;40157
Мокроус;Саратовская область;84565
Мокроусово;Курганская область;35234
Мокшан;Пензенская область;84150
Молчаново;Томская область;38256
Монастырщина;Смоленская область;48148
Мончегорск;Мурманская область;81536
Моргауши;Чувашия;83541
Моргуново;Калининградская область;40151
Мордово;Тамбовская область;47542
Мордовское;Калининградская область;40158
Морки;Марий Эл;83635
Морозовск;Ростовская область;86314
Моршанск;Тамбовская область;47533
Мосальск;Калужская область;48452
Москаленки;Омская область;38174
Москва;Московская область;495
Мостовской;Краснодарский край;86192
Мошенское;Новгородская область;81653
Мошково;Новосибирская область;38348
Мраково;Башкортостан;34719
Муезерский;Карелия;81455
Муравленко;Тюменская область;34538
Мураши;Кировская область;83348
Мурманск;Мурманская область;8152
Муром;Владимирская область;49234
Муромское;Калининградская область;40150
Муромцево;Омская область;38158
Муслюмово;Татарстан;85556
Мухоршибирь;Бурятия;30143
Мучкапский;Тамбовская область;47546
Мценск;Орловская область;48646
Мыски;Кемеровская область;38474
Мысовка;Калининградская область;40163
Мышкин;Ярославская область;48544
Набережные Челны;Татарстан;8552
Навашино;Нижегородская область;83175
Навля;Брянская область;48342
Нагорное;Калининградская область;40156
Нагорск;Кировская область;83349
Надеждино;Калининградская область;4015667
Назарово;Красноярский край;39155
Назрань;Ингушетия;87134
Называевск;Омская область;38161
Наимово;Калининградская область;40158
Нальчик;Кабардино-Балкария;86622,8662
Намцы;Саха-Якутия;41162
Нариманов;Астраханская область;85171
Наровчат;Пензенская область;84163
Наро-Фоминск;Московская область;49634
Нарткала;Кабардино-Балкария;86635
Нарышкино;Орловская область;48647
Нарьян-Мар;Архангельская область;81853
Находка;Приморский край;42366
Началово;Астраханская область;85172
Невель;Псковская область;81151
Неверкино;Пензенская область;84164
Невинномысск;Ставропольский край;86554
Невское;Калининградская область;40144
Невьянск;Свердловская область;34356
Некрасово;Калининградская область;40158
Некрасово;Калининградская область;40151
Некрасовское;Ярославская область;48531
Нелидово;Тверская область;48266
Нема;Кировская область;83350
Неман;Калининградская область;40162
Неманское;Калининградская область;40164
Нерехта;Костромская область;49431
Нерчинск;Читинская область;30242
Нерюнгри;Саха-Якутия;41147
Нестеров;Калининградская область;40144
Нефтегорск;Самарская область;84670
Нефтекамск;Башкортостан;34713
Нефтекумск;Ставропольский край;86558
Нефтеюганск;Ханты-Мансийский автономный округ;34612
Нея;Костромская область;49444
Нива;Калининградская область;40158
Нивенское;Калининградская область;4015665
Нижневартовск;Ханты-Мансийский автономный округ;3466
Нижнедевицк;Воронежская область;47370
Нижнекамск;Татарстан;8555
Нижние Серги;Свердловская область;34396
Нижний Ингаш;Красноярский край;39171
Нижний Ломов;Пензенская область;84154
Нижний Новгород;Нижегородская область;8312
Нижний Тагил;Свердловская область;3435
Нижняя Омка;Омская область;38165
Нижняя Салда;Свердловская область;34345
Нижняя Тавда;Тюменская область;34533
Нижняя Тура;Свердловская область;34342
Низовье;Калининградская область;40151
Никель;Мурманская область;81554
Николаевка;Ульяновская область;84247
Николаевск-на-Амуре;Хабаровский край;42135
Николо-Березовка;Башкортостан;34759
Никольск;Вологодская область;81754
Никольск;Пензенская область;84165
Нилово;Калининградская область;40142
Новая деревня;Калининградская область;40158
Новая Ляля;Свердловская область;34318
Новая Малыкла;Ульяновская область;84232
Новая Усмань;Воронежская область;47341
Новичиха;Алтайский край;38555
Новоалександровск;Ставропольский край;86544
Новоалтайск;Алтайский край;38532
Новобелокатай;Башкортостан;34750
Новобирилюссы;Красноярский край;39150
Новобобруйск;Калининградская область;40157
Нововаршавка;Омская область;38152
Нововоронеж;Воронежская область;47364
Новогурьевское;Калининградская область;40142
Новодвинск;Архангельская область;81852
Новодугино;Смоленская область;48138
Новоегорьевское;Алтайский край;38560
Новозыбков;Брянская область;48343
Новокиевский Увал;Амурская область;41644
Новоколозное;Калининградская область;40162
Новокубанск;Краснодарский край;86195
Новокузнецк;Кемеровская область;3843
Новокуйбышевск;Самарская область;84635
Новомичуринск;Рязанская область;49141
Новомосковск;Тульская область;48762
Новомосковский;Калининградская область;40151
Новомосковское;Калининградская область;4015669
Новонукутский;Иркутская область;39549
Новоорск;Оренбургская область;35363
Новопавловск;Ставропольский край;86538
Новопокровская;Краснодарский край;86149
Новоржев;Псковская область;81143
Новороссийск;Краснодарский край;8617
Новоселицкое;Ставропольский край;86548
Новоселово;Калининградская область;4015667
Новоселово;Красноярский край;39147
Новосергиевка;Оренбургская область;35339
Новосибирск;Новосибирская область;3832
Новосокольники;Псковская область;81144
Новоспасское;Ульяновская область;84238
Новостроево;Калининградская область;40157
Новостроево;Калининградская область;40142
Новостройка;Калининградская область;40143
Новотроицк;Оренбургская область;35376
Новоузенск;Саратовская область;84562
Новоульяновск;Ульяновская область;84255
Новоуральск;Свердловская область;34370
Новохоперск;Воронежская область;47353
Новочеркасск;Ростовская область;86352
Новошахтинск;Ростовская область;86369
Новошешминск;Татарстан;84348
Новые Бурасы;Саратовская область;84557
Новый Некоуз;Ярославская область;48547
Новый Оскол;Белгородская область;47233
Новый Торъял;Марий Эл;83636
Ногинск;Московская область;49651
Ножай-Юрт;Чечня;87141
Нолинск;Кировская область;83368
Норильск;Красноярский край;3919
Ноябрьск;Тюменская область;34564
Нурлаты;Татарстан;84345
Нытва;Пермская область;34272
Нюксеница;Вологодская область;81747
Нюрба;Саха-Якутия;41134
Нягань;Ханты-Мансийский автономный округ;34672
Нязепетровск;Челябинская область;35156
Няндома;Архангельская область;81838
о.Соловки;Архангельская область;81835,9
Обливская;Ростовская область;86396
Обнинск;Калужская область;48439
Обоянь;Курская область;47141
Обь;Новосибирская область;38373
Обьячево;Коми;82133
Овражье;Калининградская область;40158
Одесское;Омская область;38159
Одоев;Тульская область;48736
Озерки;Калининградская область;40159
Озерки;Калининградская область;40157
Озерск;Калининградская область;40142
Озерск;Челябинская область;35171
Озеры;Московская область;49670
Озинки;Саратовская область;84576
Оконешниково;Омская область;38166
Октябрьск;Самарская область;84646
Октябрьск;Ростовская область;86332
Октябрьский;Башкортостан;34767
Октябрьский;Пермская область;34266
Октябрьский;Архангельская область;81855
Октябрьское;Ханты-Мансийский автономный округ;34678
Октябрьское;Северная Осетия;86738
Октябрьское;Оренбургская область;35330
Октябрьское;Челябинская область;35158
Окуловка;Новгородская область;81657
Олекминск;Саха-Якутия;41138
Оленегорск;Мурманская область;81552
Оленино;Тверская область;48258
Олеово;Калининградская область;40142
Олонец;Карелия;81436
Ольга;Приморский край;42376
Ольоватка;Калининградская область;40143
Ольовка;Калининградская область;40159
Ольховатка;Воронежская область;47395
Омск;Омская область;3812
Омсукчан;Магаданская область;41346
Омутинский;Тюменская область;34544
Омутнинск;Кировская область;83352
Онгудай;Алтай;38845
Онега;Архангельская область;81839
Оотное;Калининградская область;40163
Опарино;Кировская область;83353
Опочка;Псковская область;81138
Орда;Пермская область;34258
Ордынское;Новосибирская область;38359
Орел;Орловская область;4862,08622
Оренбург;Оренбургская область;3532
Ореовка;Калининградская область;40159
Орехово-Зуево;Московская область;4964
Оричи;Кировская область;83354
Орлов;Кировская область;83365
Орловка;Калининградская область;40151
Орловский;Ростовская область;86375
Орск;Оренбургская область;35372
Оршанка;Марий Эл;83641
Оса;Пермская область;34291
Осинники;Кемеровская область;38471
Осиновка;Калининградская область;40159
Оссора;Камчатка;41545
Осташков;Тверская область;48235
Остров;Псковская область;81152
Островское;Калининградская область;40159
Островское;Костромская область;49438
Острогожск;Воронежская область;47375
Острогожское;Калининградская область;40164
Отрадная;Краснодарский край;86144
Отрадное;Калининградская область;40151
Отрадный;Самарская область;84661
Оханск;Пермская область;34279
Охотск;Хабаровский край;42141
Очер;Пермская область;34278
Павино;Костромская область;49439
Павловка;Ульяновская область;84248
Павлово;Нижегородская область;83171
Павловск;Алтайский край;38511
Павловск;Воронежская область;47362
Павловская;Краснодарский край;86191
Павловский Посад;Московская область;49643
Павлоградка;Омская область;38172
Палана;Камчатка;41543
Палатка;Магаданская область;41342
Палех;Ивановская область;49334
Палкино;Псковская область;81145
Панино;Воронежская область;47344
Панкрушиха;Алтайский край;38510
Парабель;Томская область;38252
Параньга;Марий Эл;83639
Партизанск;Приморский край;423630
Партизанское;Калининградская область;4015667
Партизанское;Красноярский край;39140
Парфеньево;Костромская область;49440
Парфино;Новгородская область;81650
Пахачи;Камчатка;4154455
Пачелма;Пензенская область;84152
Пенза;Пензенская область;8412
Пено;Тверская область;48230
Пеньки;Калининградская область;40141
Первомайск;Нижегородская область;83146
Первомайский;Читинская область;30262
Первомайский;Оренбургская область;35348
Первомайский;Тамбовская область;47548
Первомайское;Калининградская область;40143
Первомайское;Калининградская область;40151
Первомайское;Томская область;38245
Первоуральск;Свердловская область;34392
Перевоз;Нижегородская область;83148
Переволоцкий;Оренбургская область;35338
Перелюб;Саратовская область;84575
Перемышль;Калужская область;48441
Переславское;Калининградская область;40150
Переяславка;Хабаровский край;42154
Переяславль-Залесский;Ярославская область;48535
Пермь;Пермская область;3422
Песочное;Калининградская область;40157
Пестово;Новгородская область;81669
Пестрецы;Татарстан;84367
Пестровка;Самарская область;84674
Пестяки;Ивановская область;49346
Песчанокопск;Ростовская область;86373
Петино;Калининградская область;40158
Петрово;Калининградская область;40152
Петровск;Саратовская область;84555
Петровское;Тамбовская область;47544
Петрозаводск;Карелия;8142
Петропавловка;Бурятия;30134
Петропавловка;Воронежская область;47365
Петропавловск-Камчатский;Камчатка;4152,41522
Петропавловское;Алтайский край;38573
Петухово;Курганская область;35235
Петушки;Владимирская область;49243
Печора;Коми;82142
Печоры;Псковская область;81148
Пижанка;Кировская область;83355
Пикалево;Ленинградская область;81266
Пильна;Нижегородская область;83192
Пионерский;Калининградская область;40153
Пировское;Красноярский край;39117
Пителино;Рязанская область;49145
Питерка;Саратовская область;84561
Питкяранта;Карелия;81433
Пичаево;Тамбовская область;47554
Плавск;Тульская область;48752
Пласт;Челябинская область;35160
Плесецк;Архангельская область;81832
Плешаново;Оренбургская область;35345
Плюсса;Псковская область;81133
Победино;Калининградская область;40164
Поваровка;Калининградская область;40150
Поворино;Воронежская область;47376
Погар;Брянская область;48349
Пограничный;Калининградская область;4015664
Пограничный;Приморский край;42345
Подгоренский;Воронежская область;47394
Подгорное;Калининградская область;4015667
Подгорное;Томская область;38257
Подгоровка;Калининградская область;40143
Поддорье;Новгородская область;81658
Поддубное;Калининградская область;40159
Поддубное;Калининградская область;40157
Поддубы;Калининградская область;40143
Поддубье;Калининградская область;40163
Подлипово;Калининградская область;40157
Подольск;Московская область;4967,09675
Подосиновец;Кировская область;83351
Подпорожье;Ленинградская область;81265
Покровка;Приморский край;42344
Покровск;Саха-Якутия;41144
Покровское;Калининградская область;40141
Покровское;Калининградская область;40143
Покровское;Ростовская область;86347
Покровское;Орловская область;48664
Покрышкино;Калининградская область;40144
Полевский;Свердловская область;34350
Полесск;Калининградская область;40158
Полина Осипенко;Хабаровский край;42144
Половинное;Курганская область;35238
Полтавка;Омская область;38163
Полтавское;Калининградская область;40164
Полярные Зори;Мурманская область;81532
Полярный;Мурманская область;81551
Поназырево;Костромская область;49448
Пономаревка;Оренбургская область;35357
Поныри;Курская область;47135
Порецкое;Чувашия;83543
Поречье;Калининградская область;40157
Порхов;Псковская область;81134
Поспелиха;Алтайский край;38556
Похвистнево;Самарская область;84656
Почеп;Брянская область;48345
Починки;Нижегородская область;83197
Починок;Смоленская область;48149
Пошехонье;Ярославская область;48546
Правдино;Калининградская область;40164
Правдинск;Калининградская область;40157
Преградная;Карачаево-Черкесия;87876
Пречистое;Ярославская область;48549
Приаргунск;Читинская область;30243
Прибрежное;Калининградская область;40151
Приволжск;Ивановская область;49339
Приволжье;Самарская область;84647
Привольное;Калининградская область;40141
Пригородное;Калининградская область;40159
Пригородное;Калининградская область;40144
Придорожное;Калининградская область;40158
Придорожное;Калининградская область;40163
Приморск;Калининградская область;40152
Приморско-Ахтарск;Краснодарский край;86143
Приморье;Калининградская область;401532
Приморье;Краснодарский край;8622
Приозерное;Калининградская область;40163
Приозерное;Калининградская область;40143
Приозерск;Ленинградская область;81279
Пристень;Курская область;47134
Приютное;Калмыкия;84736
Прокопьевск;Кемеровская область;38466
Проладное;Калининградская область;40163
Пролетарск;Ростовская область;86374
Промышленная;Кемеровская область;38442
Пронск;Рязанская область;49155
Прооровка;Калининградская область;40151
Прохладный;Кабардино-Балкария;86631
Прохоровка;Белгородская область;47242
Прудное;Калининградская область;40159
Пруды;Калининградская область;40159
Пряжа;Карелия;81456
Прямицыно;Курская область;47142
Псков;Псковская область;8112,81122
Пугачев;Саратовская область;84574
Пудож;Карелия;81452
Пустошка;Псковская область;81142
Путятино;Рязанская область;49146
Пучеж;Ивановская область;49345
Пушкино;Московская область;49653
Пушкинские Горы;Псковская область;81146
Пыталово;Псковская область;81147
Пыть-ях;Ханты-Мансийский автономный округ;34614
Пышма;Свердловская область;34368
Пыщуг;Костромская область;49452
Пятигорск;Ставропольский край;87933
Пятидорожное;Калининградская область;4015667
Радищево;Ульяновская область;84239
Радужный;Ханты-Мансийский автономный округ;34668
Радужный;Владимирская область;49254
Раевский;Башкортостан;34754
Разино;Калининградская область;40158
Райчихинск;Амурская область;41647
Ракитино;Калининградская область;40162
Ракитное;Белгородская область;47245
Раменское;Московская область;49646
Рамешки;Тверская область;48244
Рамонь;Воронежская область;47340
Рассвет;Калининградская область;40151
Рассказово;Тамбовская область;47531
Ребриха;Алтайский край;38512
Ревда;Свердловская область;34397
Реж;Свердловская область;34364
Ремонтное;Ростовская область;86379
Репьевка;Воронежская область;47374
Ржакса;Тамбовская область;47555
Ржев;Тверская область;482323,0823
Ржевское;Калининградская область;40163
Ровеньки;Белгородская область;47238
Ровное;Саратовская область;84596
Ровное;Калининградская область;40159
Рогнедино;Брянская область;48331
Родино;Алтайский край;38563
Родионово-Несветайская;Ростовская область;86340
Родники;Калининградская область;40151
Родники;Ивановская область;49336
Романовка;Саратовская область;84544
Романово;Калининградская область;40150
Романово;Алтайский край;38561
Романовская;Ростовская область;86394
Ромоданово;Мордовия;83438
Рославль;Смоленская область;48134
Россия;Калининградская область;40151
Россошь;Воронежская область;47396
Ростов;Ростовская область;8632
Ростов;Ярославская область;48536
Рощино;Калининградская область;40159
Рощино;Калининградская область;40157
Ртищево;Саратовская область;84540
Рубцовск;Алтайский край;38557
Рудня;Смоленская область;48141
Руза;Московская область;49627
Рузаевка;Мордовия;83451
Русская Поляна;Омская область;38156
Русский Камешкир;Пензенская область;84145
Ручьи;Калининградская область;40159
Рыбачий;Калининградская область;40150
Рыбинск;Красноярский край;39165
Рыбинск;Ярославская область;4855
Рыбкино;Калининградская область;40158
Рыбная Слобода;Татарстан;84361
Рыбное;Рязанская область;49137
Рыльск;Курская область;47152
Рябиновка;Калининградская область;4015669
Ряжск;Рязанская область;49132
Рязань;Рязанская область;4912
Савино;Ивановская область;49356
Садовое;Калмыкия;84741
Садовое;Калининградская область;40142
Садовое;Калининградская область;40144
Сакмара;Оренбургская область;35331
Салават;Башкортостан;34763
Сальск;Ростовская область;86372
Самара;Самарская область;8462
Самойловка;Саратовская область;84548
Сангар;Саха-Якутия;41163
Сандово;Тверская область;48272
Санкт-Петербург;Ленинградская область;812
Санчурск;Кировская область;83357
Сапожок;Рязанская область;49152
Саракташ;Оренбургская область;35333
Саранск;Мордовия;8342,83422
Саранское;Калининградская область;40158
Сарапул;Удмуртия;34147
Саратов;Саратовская область;8452
Саргатское;Омская область;38178
Сарманово;Татарстан;85559
Саров;Нижегородская область;83130
Сасово;Рязанская область;49133
Сатинка;Тамбовская область;47556
Сатка;Челябинская область;35161
Сафакулево;Курганская область;35243
Сафоново;Смоленская область;48142
Саяногорск;Хакасия;39042
Светлогорск;Калининградская область;401533
Светлоград;Ставропольский край;86547
Светлый;Калининградская область;40152
Светлый;Оренбургская область;35366
Свеча;Кировская область;83358
Свобода;Калининградская область;40141
Свободный;Амурская область;41643
Себеж;Псковская область;81140
Северное;Новосибирская область;38360
Северное;Оренбургская область;35354
Северный;Калининградская область;40157
Северный;Калининградская область;40143
Северобайкальск;Бурятия;30139
Северодвинск;Архангельская область;81842
Североморск;Мурманская область;81537
Североуральск;Свердловская область;34310
Северск;Томская область;38242
Северская;Краснодарский край;86166
Севск;Брянская область;48356
Севское;Калининградская область;40157
Сегежа;Карелия;81431
Седельниково;Омская область;38164
Сеймчан;Магаданская область;41347
Село Им. Бабушкина;Вологодская область;81745
Селты;Удмуртия;34159
Семенов;Нижегородская область;83162
Семеново;Калининградская область;40159
Семикаракорск;Ростовская область;86356
Семилуки;Воронежская область;47372
Сенгилей;Ульяновская область;84233
Сергач;Нижегородская область;83191
Сергиев Посад;Московская область;49654
Сергиевск;Самарская область;84655
Сердобск;Пензенская область;84167
Серебрянные Пруды;Московская область;49667
Сернур;Марий Эл;83633
Серов;Свердловская область;34315
Серпухов;Московская область;4967
Серышево;Амурская область;41642
Сеченово;Нижегородская область;83193
Сибай;Башкортостан;34775
Сива;Пермская область;34277
Скалистый;Мурманская область;81530
Сковородино;Амурская область;41654
Скопин;Рязанская область;49156
Славгород;Алтайский край;38568
Славинск;Калининградская область;40159
Славск;Калининградская область;40163
Славское;Калининградская область;4015667
Славянка;Приморский край;42331
Славяновка;Калининградская область;40151
Славянск-на-Кубани;Краснодарский край;86146
Славянское;Калининградская область;40158
Сладково;Тюменская область;34555
Сланцы;Ленинградская область;81274
Слободской;Кировская область;83362
Смоленск;Смоленская область;4812,08122
Смоленское;Алтайский край;38536
Снежинск;Челябинская область;35172
Снежногрск;Мурманская область;81530
Собинка;Владимирская область;49242
Соболево;Камчатка;41536
Советск;Кировская область;83375
Советск;Калининградская область;40161
Советская Гавань;Хабаровский край;42138
Советский;Марий Эл;83638
Советский;Ханты-Мансийский автономный округ;34675
Советское;Алтайский край;38598
Советское;Кабардино-Балкария;86636
Совозное;Калининградская область;4015643
Совозный;Калининградская область;40159
Сокол;Вологодская область;81733
Сокольники;Калининградская область;40159
Солдатово;Калининградская область;40159
Солдатово;Калининградская область;40157
Солигалич;Костромская область;49436
Соликамск;Пермская область;34253
Солнечная Долина;Челябинская область;35146
Солнечногорск;Московская область;49626
Солнечный;Хабаровский край;42146
Солнцево;Курская область;47154
Соловьево;Калининградская область;40157
Солонешное;Алтайский край;38594
Солонцы;Калининградская область;40163
Солотча;Рязанская область;49134
Солтон;Алтайский край;38533
Соль-Илецк;Оренбургская область;35336
Сольцы;Новгородская область;81655
Сонково;Тверская область;48246
Сопкино;Калининградская область;40157
Сорочинск;Оренбургская область;35346
Сорск;Хакасия;39033
Сортавала;Карелия;81430
Сосновка;Калининградская область;40150
Сосновка;Калининградская область;40158
Сосновка;Калининградская область;40157
Сосновка;Тамбовская область;47532
Сосновоборск;Красноярский край;39131
Сосновоборск;Пензенская область;84168
Сосново-Озерское;Бурятия;30135
Сосновское;Нижегородская область;83174
Сосновый Бор;Ленинградская область;81269
Сосногорск;Коми;82149
Сочи;Краснодарский край;8622
Спас-Деменск;Калужская область;48455
Спас-Клепики;Рязанская область;49142
Спасск;Татарстан;8247
Спасск-Дальний;Приморский край;42352
Спасское;Нижегородская область;83165
Спасск-Рязанский;Рязанская область;49135
Средние Пахачи;Камчатка;41544513
Сретенск;Читинская область;30246
Ставрополь;Ставропольский край;8652
Становое;Липецкая область;47476
Старая Кулатка;Ульяновская область;84249
Старая Майна;Ульяновская область;84230
Старая Русса;Новгородская область;81652
Старая Чара;Читинская область;30261
Старица;Тверская область;48263
Староалейское;Алтайский край;38559
Стародуб;Брянская область;48348
Старое Шайгово;Мордовия;83432
Старожилово;Рязанская область;49151
Староминская;Краснодарский край;86153
Старощербиновская;Краснодарский край;86151
Староюрьево;Тамбовская область;47543
Старый Оскол;Белгородская область;4725
Степное;Саратовская область;84566
Степное;Ставропольский край;86563
Стерлибашево;Башкортостан;34739
Стерлитамак;Башкортостан;3473
Стрежевой;Томская область;38259
Строитель;Белгородская область;47244
Стройный;Калининградская область;40158
Струги- Красные;Псковская область;81132
Ступино;Московская область;49664
Суворов;Тульская область;48763
Суворовка;Калининградская область;40142
Суворово;Калининградская область;40159
Суджа;Курская область;47143
Судиславль;Костромская область;49433
Судогда;Владимирская область;49235
Суздаль;Владимирская область;49231
Суземка;Брянская область;48353
Сузун;Новосибирская область;38346
Суксун;Пермская область;34275
Суна;Кировская область;83369
Сунтар;Саха-Якутия;41135
Суоярви;Карелия;81457
Сураж;Брянская область;48330
Сургут;Ханты-Мансийский автономный округ;3462
Сурское;Ульяновская область;84242
Сусанино;Костромская область;49434
Сусуман;Магаданская область;41345
Сухиничи;Калужская область;48451
Сухобузимское;Красноярский край;39119
Сухой Лог;Свердловская область;34373
Сызрань;Самарская область;84643
Сыктывкар;Коми;8212
Сысерть;Свердловская область;34374
Сычевка;Смоленская область;48130
Сюмси;Удмуртия;34152
Сямжа;Вологодская область;81752
Таборы;Свердловская область;34347
Табуны;Алтайский край;38567
Тавда;Свердловская область;34360
Таврическое;Омская область;38151
Таганрог;Ростовская область;86344,8634
Таилтып;Красноярский край;39170
Тайга;Кемеровская область;38448
Тайшет;Иркутская область;39563
Талдом;Московская область;49620
Талица;Свердловская область;34371
Таловая;Воронежская область;47352
Талпаки;Калининградская область;40159
Тальменка;Алтайский край;38591
Тамала;Пензенская область;84169
Тамбов;Тамбовская область;4752
Тара;Омская область;38171
Тарасовский;Ростовская область;86316
Тарбагатай;Бурятия;30146
Тарко-сале;Тюменская область;34597
Тарногский Городок;Вологодская область;81748
Таруса;Калужская область;48435
Тасеево;Красноярский край;39164
Татарск;Новосибирская область;38364
Татищево;Саратовская область;84558
Тахтамукай;Адыгея;87771
Тацинский;Ростовская область;86397
Ташла;Оренбургская область;35347
Таштагол;Кемеровская область;38473
Таштып;Хакасия;39046
Тбилисская;Краснодарский край;86158
Тверь;Тверская область;4822
Тевриз;Омская область;38154
Тегульдет;Томская область;38246
Тейково;Ивановская область;49343
Темкино;Смоленская область;48136
Темников;Мордовия;83445
Темрюк;Краснодарский край;86148
Теньгушево;Мордовия;83446
Теплое;Тульская область;48755
Тербуны;Липецкая область;47474
Терек;Кабардино-Балкария;86632
Тереньга;Ульяновская область;84234
Терней;Приморский край;42374
Терновка;Воронежская область;47347
Терскол;Кабардино-Балкария;86639
Тетюши;Татарстан;84373
Тигиль;Камчатка;41537
Тикси;Саха-Якутия;41167
Тиличики;Камчатка;41544
Тим;Курская область;47153
Тимашевск;Краснодарский край;86130
Тимирязево;Калининградская область;40163
Тимофеевка;Калининградская область;40141
Тимофеево;Калининградская область;40164
Тисуль;Кемеровская область;38447
Тихвин;Ленинградская область;81267
Тихорецк;Краснодарский край;86196
Тишино;Калининградская область;4015667
Тобольск;Тюменская область;34511
Тогул;Алтайский край;38597
Тогучин;Новосибирская область;38340
Токаревка;Тамбовская область;47557
Толбазы;Башкортостан;34745
Тольятти;Самарская область;8482
Томск;Томская область;3822
Тонкино;Нижегородская область;83153
Топки;Кемеровская область;38454
Топчиха;Алтайский край;38552
Торбеево;Мордовия;83456
Торжок;Тверская область;48251
Торопец;Тверская область;48268
Тосно;Ленинградская область;81261
Тотьма;Вологодская область;81739
Тоцкое;Оренбургская область;35349
Трехгорный;Челябинская область;35111
Троицк;Московская область;4967
Троицк;Челябинская область;35163
Троицкое;Калмыкия;84742
Троицкое;Хабаровский край;42156
Троицкое;Алтайский край;38534
Троицко-Печорск;Коми;82138
Тросна;Орловская область;48666
Тростники;Калининградская область;40157
Трубачевск;Брянская область;48352
Туапсе;Краснодарский край;86167
Тугаев;Ярославская область;48533
Тугулым;Свердловская область;34367
Тужа;Кировская область;83340
Туймазы;Башкортостан;34712
Тула;Тульская область;4872
Тульский;Адыгея;87777
Тумановка;Калининградская область;40159
Тургенево;Калининградская область;40158
Туринск;Свердловская область;34349
Туринская Слобода;Свердловская область;34361
Турки;Саратовская область;84543
Турочак;Алтай;38843
Турунтаево;Бурятия;30144
Тында;Амурская область;45656
Тырныауз;Кабардино-Балкария;86638
Тюкалинск;Омская область;38176
Тюленино;Калининградская область;40158
Тюльган;Оренбургская область;35332
Тюлячи;Татарстан;84360
Тюменцево;Алтайский край;38518
Тюмень;Тюменская область;3452
Тюхтет;Красноярский край;39158
Тяжинский;Кемеровская область;38449
Убинское;Новосибирская область;38366
Ува;Удмуртия;34130
Уварово;Тамбовская область;47558
Уват;Тюменская область;34516
Увельский;Челябинская область;35166
Углич;Ярославская область;48532
Угловское;Алтайский край;38579
Угра;Смоленская область;48137
Удомля;Тверская область;48255
Ужур;Красноярский край;39156
Узловая;Тульская область;48731
Узловое;Калининградская область;40164
Уинское;Пермская область;34259
Уйское;Челябинская область;35165
Улан-Удэ;Бурятия;3012
Улеты;Читинская область;30238
Ульяново;Калининградская область;40162
Ульяново;Калужская область;48443
Ульяновск;Ульяновская область;8422
Умба;Мурманская область;81559
Умет;Тамбовская область;47559
Унеча;Брянская область;48351
Уни;Кировская область;83359
Упорово;Тюменская область;34541
Уразовка;Нижегородская область;83194
Урай;Ханты-Мансийский автономный округ;34676
Урень;Нижегородская область;83154
Уржум;Кировская область;83363
Урмары;Чувашия;83544
Урус-Мартан;Чечня;87145
Уруссу;Татарстан;85510
Усвяты;Псковская область;81150
Усинск;Коми;82144
Усмань;Липецкая область;47472
Усогорск;Коми;82135
Усолье;Пермская область;34244
Усолье-Сибирское;Иркутская область;39543
Успенское;Краснодарский край;86140
Уссурийск;Приморский край;4234
Усть-Абакан;Хакасия;39032
Усть-Большерецк;Камчатка;41532
Усть-Джегута;Карачаево-Черкесия;87875
Усть-Донецкий;Ростовская область;86351
Устье;Вологодская область;81753
Усть-Илимск;Иркутская область;39535
Усть-Ишим;Омская область;38150
Усть-Калманка;Алтайский край;38599
Усть-Камчатск;Камчатка;41533
Усть-Кан;Алтай;38847
Усть-Катав;Челябинская область;35167
Усть-Кишерть;Пермская область;34252
Усть-Кулом;Коми;82137
Усть-Кут;Иркутская область;39565
Усть-Лабинск;Краснодарский край;86135
Усть-Мая;Саха-Якутия;41141
Усть-Омчуг;Магаданская область;41344
Усть-Пристань;Алтайский край;38554
Усть-Тарка;Новосибирская область;38372
Усть-Уда;Иркутская область;39545
Усть-Хайрюзово;Камчатка;41539
Усть-Цильма;Коми;82141
Устюжна;Вологодская область;81737
Уфа;Башкортостан;3472
Ухолово;Рязанская область;49154
Ухта;Коми;82147
Учалы;Башкортостан;34791
Учкекен;Карачаево-Черкесия;87877
Ушаковка;Калининградская область;40158
Ушаково;Калининградская область;4015126
Уяр;Красноярский край;39146
Фаленки;Кировская область;83332
Фатеж;Курская область;47144
Февральское;Калининградская область;40158
Федоровка;Башкортостан;34746
Федотово;Калининградская область;40157
Ферзиково;Калужская область;48437
Фершампенуаз;Челябинская область;35157
Филипповка;Калининградская область;40157
Фирово;Тверская область;48239
Фокино;Приморский край;42339
Фрунзенское;Калининградская область;40157
Фурманов;Ивановская область;49341
Фурмановка;Калининградская область;40144
Фурманово;Калининградская область;40143
Хабаровск;Хабаровский край;4212
Хабары;Алтайский край;38569
Хакуринохабль;Адыгея;87773
Хандыга;Саха-Якутия;41153
Ханты-мансийск;Ханты-Мансийский автономный округ;34671
Харабали;Астраханская область;85118
Харовск;Вологодская область;81732
Хвалынск;Саратовская область;84595
Хвастовичи;Калужская область;48453
Хвойная;Новгородская область;81667
Хилок;Читинская область;30237
Хиславичи;Смоленская область;48140
Хлебниково;Калининградская область;40164
Хлевное;Липецкая область;47477
Холм;Новгородская область;81654
Холм-Жирковский;Смоленская область;48139
Холмогоровка;Калининградская область;40150
Холмогоры;Архангельская область;81830
Холмогорье;Калининградская область;40157
Холмы;Калининградская область;40159
Хомутивка;Курская область;47137
Хоринск;Бурятия;30148
Хороль;Приморский край;42347
Хоста;Краснодарский край;8622
Хохольский;Воронежская область;47371
Цаган Аман;Калмыкия;84744
Целина;Ростовская область;86371
Целинное;Алтайский край;38596
Целинное;Курганская область;35241
Цивильск;Чувашия;83545
Цимлянск;Ростовская область;86391
Чагода;Вологодская область;81741
Чайкино;Калининградская область;40157
Чайковский;Пермская область;34241
Чалтырь;Ростовская область;86349
Чамзинка;Мордовия;83437
Чаны;Новосибирская область;38367
Чапаевск;Самарская область;84639
Чаплыгин;Липецкая область;47475
Чарышское;Алтайский край;38574
Частоозерье;Курганская область;35230
Частые;Пермская область;34268
Чебаркуль;Челябинская область;35168
Чебоксары;Чувашия;8352
Чегдомын;Хабаровский край;42149
Чегем Первый;Кабардино-Балкария;86630
Чекмагуш;Башкортостан;34796
Челно-Вершины;Самарская область;84651
Челябинск;Челябинская область;3512
Чеово;Калининградская область;4015667
Чердаклы;Ульяновская область;84231
Чердынь;Пермская область;34240
Черемисиново;Курская область;47159
Черемуино;Калининградская область;40157
Черемхово;Иркутская область;39546
Черемшаны;Татарстан;84316
Черепаново;Новосибирская область;38345
Череповец;Вологодская область;8202
Черкесск;Карачаево-Черкесия;87822
Черлак;Омская область;38153
Черниговка;Приморский край;42351
Черноголовка;Московская область;49652
Черногорск;Хакасия;39031
Чернушка;Пермская область;34261
Черный Яр;Астраханская область;85119
Чернышевск;Читинская область;30265
Чернышевское;Калининградская область;40144
Чернь;Тульская область;48756
Чернянка;Белгородская область;47232
Черняховск;Калининградская область;40141
Чертково;Ростовская область;86317
Чесма;Челябинская область;35169
Чехов;Московская область;49672
Чикола;Северная Осетия;86734
Чистоозерное;Новосибирская область;38368
Чистополь;Татарстан;84342
Чистополье;Калининградская область;40142
Чистые пруды;Калининградская область;40144
Чита;Читинская область;3022
Чишмы;Башкортостан;34797
Чкаловск;Нижегородская область;83160
Чоя;Алтай;38840
Чугуевка;Приморский край;42372
Чудово;Новгородская область;81665
Чулым;Новосибирская область;38350
Чумикан;Хабаровский край;42143
Чунский;Иркутская область;39567
Чурапча;Саха-Якутия;41151
Чусовой;Пермская область;34256
Чухлома;Костромская область;49441
Чучково;Рязанская область;49138
Шадринск;Курганская область;35253
Шали;Чечня;87146
Шалинское;Красноярский край;39149
Шаля;Свердловская область;34358
Шаран;Башкортостан;34769
Шаранга;Нижегородская область;83155
Шаркан;Удмуртия;34136
Шарлык;Оренбургская область;35358
Шарыпово;Красноярский край;39153
Шарья;Костромская область;49449
Шатки;Нижегородская область;83142
Шатой;Чечня;87135
Шатрово;Курганская область;35257
Шатура;Московская область;49645
Шаховская;Московская область;49637
Шахты;Ростовская область;86362
Шахунья;Нижегородская область;83152
Шацк;Рязанская область;49147
Шебалино;Алтай;38849
Шебекино;Белгородская область;47248
Шевченко;Калининградская область;40157
Шексна;Вологодская область;81751
Шелаболиха;Алтайский край;38558
Шелехов;Иркутская область;39510
Шелопугино;Читинская область;30266
Шемурша;Чувашия;83546
Шемышейка;Пензенская область;84159
Шенкурск;Архангельская область;81851
Шентала;Самарская область;84652
Шербакуль;Омская область;38177
Шилка;Читинская область;30244
Шилово;Рязанская область;49136
Шимановск;Амурская область;41651
Шимск;Новгородская область;81656
Шипуново;Алтайский край;38550
Шира;Хакасия;39035
Широкое;Калининградская область;40156
Шовгеновский;Адыгея;87773
Шолоово;Калининградская область;40158
Шоссейный;Калининградская область;40151
Шуйское;Вологодская область;81749
Шумерля;Чувашия;83536
Шумиха;Курганская область;35245
Шумячи;Смоленская область;48133
Шушенское;Красноярский край;39139
Шуя;Ивановская область;49351
Щегловка;Калининградская область;40163
Щеглы;Калининградская область;40141
Щекино;Тульская область;48751
Щелково;Московская область;49656
Щигры;Курская область;47145
Щучье;Курганская область;35244
Ытык-Кюель;Саха-Якутия;41152
Электросталь;Московская область;49657
Элиста;Калмыкия;84722
Эльхотово;Северная Осетия;86735
Энгельс;Саратовская область;84511
Эртиль;Воронежская область;47345
Эссо;Камчатка;41542
Юдино;Калининградская область;40143,01142
Южа;Ивановская область;49347
Южно-Сахалинск;Сахалин;4242,42422
Южноуральск;Челябинская область;35134
Южный;Калининградская область;4015668
Юкаменское;Удмуртия;34161
Юрга;Кемеровская область;38451
Юргамыш;Курганская область;35248
Юргинское;Тюменская область;34543
Юрино;Марий Эл;83644
Юрьев- Польский;Владимирская область;49246
Юрьевич;Ивановская область;49337
Юрья;Кировская область;83366
Юхнов;Калужская область;48436
Яблоневка;Калининградская область;40151
Яблоневка;Калининградская область;40142
Яблоновка;Калининградская область;40159
Явас;Мордовия;83457
Ягодное;Калининградская область;40157
Ядрин;Чувашия;83547
Языково;Башкортостан;34747
Яковлевка;Приморский край;42371
Якутск;Саха-Якутия;4112
Якшур-бодья;Удмуртия;34162
Ялуторовск;Тюменская область;34535
Яльчики;Чувашия;83549
Янаул;Башкортостан;34760
Янтарный;Калининградская область;401532
Янтиково;Чувашия;83548
Яр;Удмуртия;34157
Яранск;Кировская область;83367
Яренск;Архангельская область;81859
Ярки;Калининградская область;40159
Ярково;Тюменская область;34531
Яровое;Калининградская область;40143
Ярославль;Ярославская область;4852
Ярославское;Калининградская область;40151
Ярцево;Смоленская область;48143
Ясеньское;Калининградская область;40159
Ясная поляна;Калининградская область;40144
Ясногорск;Тульская область;48766
Ясное;Калининградская область;40163
Ясный;Оренбургская область;35368
Яшалта;Калмыкия;84745
Яшкино;Кемеровская область;38455
Яшкуль;Калмыкия;84746
Яя;Кемеровская область;38441
